 21121;pic/pic_ 21121_1.jpg;doc/doc_ 21121_1.pdf
58342;pic/pic_58342_1.jpg;doc/doc_58342_1.pdf
2015746148;pic/pic_2015746148_1.jpg;doc/doc_2015746148_1.pdf
606623883;pic/pic_606623883_1.jpg;doc/doc_606623883_1.pdf, doc/doc_606623883_2.pdf
2014596873;pic/pic_2014596873_1.jpg;doc/doc_2014596873_1.pdf
2015405328;pic/pic_2015405328_1.jpg;doc/doc_2015405328_1.pdf
30312;pic/pic_30312_1.jpg;doc/doc_30312_1.pdf
23881;pic/pic_23881_1.jpg;doc/doc_23881_1.pdf
31509;pic/pic_31509_1.jpg;doc/doc_31509_1.pdf
2009759209;pic/pic_2009759209_1.jpg;doc/doc_2009759209_1.pdf
2007350689;pic/pic_2007350689_1.jpg;doc/doc_2007350689_1.pdf
2011367671;pic/pic_2011367671_1.jpg;doc/doc_2011367671_1.pdf
302825919;pic/pic_302825919_1.jpg;doc/doc_302825919_1.pdf
634460430;pic/pic_634460430_1.jpg;doc/doc_634460430_1.pdf
2003944213;pic/pic_2003944213_1.jpg;doc/doc_2003944213_1.pdf
989440595;pic/pic_989440595_1.jpg;doc/doc_989440595_1.pdf
2015775060;pic/pic_2015775060_1.jpg;
2014519610;pic/pic_2014519610_1.jpg;doc/doc_2014519610_1.pdf
2015652595;pic/pic_2015652595_1.jpg;doc/doc_2015652595_1.pdf
2014888689;pic/pic_2014888689_1.jpg;doc/doc_2014888689_1.pdf
104434339;pic/pic_104434339_1.jpg;doc/doc_104434339_1.pdf
45594;pic/pic_45594_1.jpg;doc/doc_45594_1.pdf
2013771180;pic/pic_2013771180_1.jpg, pic/pic_2013771180_2.jpg, pic/pic_2013771180_3.jpg;doc/doc_2013771180_1.pdf
2011248479;pic/pic_2011248479_1.jpg;doc/doc_2011248479_1.pdf
2012931173;pic/pic_2012931173_1.jpg;doc/doc_2012931173_1.pdf
2015713482;pic/pic_2015713482_1.jpg;doc/doc_2015713482_1.pdf
2015488619;pic/pic_2015488619_1.jpg;doc/doc_2015488619_1.pdf
2010064131;pic/pic_2010064131_1.jpg;doc/doc_2010064131_1.pdf
2010067685;pic/pic_2010067685_1.jpg;doc/doc_2010067685_1.pdf
2015760903;pic/pic_2015760903_1.jpg;doc/doc_2015760903_1.pdf
75042724;pic/pic_75042724_1.jpg;doc/doc_75042724_1.pdf
2015552611;pic/pic_2015552611_1.jpg;doc/doc_2015552611_1.pdf
2015760904;pic/pic_2015760904_1.jpg;doc/doc_2015760904_1.pdf
2015746580;pic/pic_2015746580_1.jpg;
2015727111;pic/pic_2015727111_1.jpg;
2012909874;pic/pic_2012909874_1.jpg;doc/doc_2012909874_1.pdf
671997051;pic/pic_671997051_1.jpg;doc/doc_671997051_1.pdf
2015760907;pic/pic_2015760907_1.jpg;doc/doc_2015760907_1.pdf
890655491;pic/pic_890655491_1.jpg;doc/doc_890655491_1.pdf
2015715832;pic/pic_2015715832_1.jpg;doc/doc_2015715832_1.pdf
586029035;pic/pic_586029035_1.jpg;doc/doc_586029035_1.pdf
227111811;pic/pic_227111811_1.jpg;doc/doc_227111811_1.pdf
2015708418;pic/pic_2015708418_1.jpg;
2015708431;pic/pic_2015708431_1.jpg;
2015708432;pic/pic_2015708432_1.jpg;
2015730843;pic/pic_2015730843_1.jpg;
2015708433;pic/pic_2015708433_1.jpg;
2013051541;pic/pic_2013051541_1.jpg;doc/doc_2013051541_1.pdf
2013051542;pic/pic_2013051542_1.jpg;doc/doc_2013051542_1.pdf
2013051543;pic/pic_2013051543_1.jpg;doc/doc_2013051543_1.pdf
50140615;pic/pic_50140615_1.jpg;doc/doc_50140615_1.pdf, doc/doc_50140615_2.pdf
2011303966;pic/pic_2011303966_1.jpg;doc/doc_2011303966_1.pdf
2012928907;pic/pic_2012928907_1.jpg;doc/doc_2012928907_1.pdf
2011225636;pic/pic_2011225636_1.jpg;doc/doc_2011225636_1.pdf
2015712444;pic/pic_2015712444_1.jpg;doc/doc_2015712444_1.pdf
441405132;pic/pic_441405132_1.jpg;doc/doc_441405132_1.pdf
420936494;pic/pic_420936494_1.jpg;doc/doc_420936494_1.pdf
2007031244;pic/pic_2007031244_1.jpg;doc/doc_2007031244_1.pdf
2010134769;pic/pic_2010134769_1.jpg;doc/doc_2010134769_1.pdf
2015721385;pic/pic_2015721385_1.jpg;doc/doc_2015721385_1.pdf
2015698257;pic/pic_2015698257_1.jpg;doc/doc_2015698257_1.pdf
2015697891;pic/pic_2015697891_1.jpg;doc/doc_2015697891_1.pdf
20876;pic/pic_20876_1.jpg;doc/doc_20876_1.pdf
898853103;pic/pic_898853103_1.jpg;doc/doc_898853103_1.pdf
881364438;pic/pic_881364438_1.jpg;doc/doc_881364438_1.pdf
2004975572;pic/pic_2004975572_1.jpg;doc/doc_2004975572_1.pdf
2015743341;pic/pic_2015743341_1.jpg;
19233;pic/pic_19233_1.jpg;doc/doc_19233_1.pdf, doc/doc_19233_2.pdf
55796;pic/pic_55796_1.jpg;doc/doc_55796_1.pdf
26114;pic/pic_26114_1.jpg;doc/doc_26114_1.pdf
785453785;pic/pic_785453785_1.jpg;doc/doc_785453785_1.pdf
12179;pic/pic_12179_1.jpg;doc/doc_12179_1.pdf, doc/doc_12179_2.pdf
32666;pic/pic_32666_1.jpg;
27477;pic/pic_27477_1.jpg;doc/doc_27477_1.pdf
43565;pic/pic_43565_1.jpg;doc/doc_43565_1.pdf
39881;pic/pic_39881_1.jpg;doc/doc_39881_1.pdf
622027576;pic/pic_622027576_1.jpg;doc/doc_622027576_1.pdf
845;pic/pic_845_1.jpg;doc/doc_845_1.pdf
60126;pic/pic_60126_1.jpg;doc/doc_60126_1.pdf
61101;pic/pic_61101_1.jpg;doc/doc_61101_1.pdf
28140480;pic/pic_28140480_1.jpg;doc/doc_28140480_1.pdf
33427;pic/pic_33427_1.jpg;
32318;pic/pic_32318_1.jpg;doc/doc_32318_1.pdf
44879;pic/pic_44879_1.jpg;doc/doc_44879_1.pdf
26550;pic/pic_26550_1.jpg;doc/doc_26550_1.pdf
777112060;pic/pic_777112060_1.jpg;doc/doc_777112060_1.pdf
704919806;pic/pic_704919806_1.jpg;doc/doc_704919806_1.pdf
2015762018;pic/pic_2015762018_1.jpg;doc/doc_2015762018_1.pdf
2015347830;pic/pic_2015347830_1.jpg;
2014906343;pic/pic_2014906343_1.jpg;
2013043552;pic/pic_2013043552_1.jpg;
696472148;pic/pic_696472148_1.jpg;doc/doc_696472148_1.pdf
2015512494;pic/pic_2015512494_1.jpg;
2015588510;pic/pic_2015588510_1.jpg;doc/doc_2015588510_1.pdf
2015669972;pic/pic_2015669972_1.jpg;doc/doc_2015669972_1.pdf
2011041818;pic/pic_2011041818_1.jpg;doc/doc_2011041818_1.pdf
366344188;pic/pic_366344188_1.jpg;doc/doc_366344188_1.pdf
2012908916;pic/pic_2012908916_1.jpg;
2015774732;pic/pic_2015774732_1.jpg;
2010076892;pic/pic_2010076892_1.jpg;doc/doc_2010076892_1.pdf
2013762781;pic/pic_2013762781_1.jpg;doc/doc_2013762781_1.pdf, doc/doc_2013762781_2.pdf
2011915804;pic/pic_2011915804_1.jpg;
797570726;pic/pic_797570726_1.jpg;doc/doc_797570726_1.pdf
7599108;pic/pic_7599108_1.jpg;doc/doc_7599108_1.pdf
33607652;pic/pic_33607652_1.jpg;doc/doc_33607652_1.pdf
2015676791;pic/pic_2015676791_1.jpg;doc/doc_2015676791_1.pdf
2015715273;pic/pic_2015715273_1.jpg;
2015742228;pic/pic_2015742228_1.jpg;doc/doc_2015742228_1.pdf
2013028991;pic/pic_2013028991_1.jpg;doc/doc_2013028991_1.pdf
21596;pic/pic_21596_1.jpg;doc/doc_21596_1.pdf, doc/doc_21596_2.pdf
3098;pic/pic_3098_1.jpg;doc/doc_3098_1.pdf
58842;pic/pic_58842_1.jpg;doc/doc_58842_1.pdf
38477;pic/pic_38477_1.jpg;doc/doc_38477_1.pdf
23037;pic/pic_23037_1.jpg;doc/doc_23037_1.pdf
33192;pic/pic_33192_1.jpg;doc/doc_33192_1.pdf
36496;pic/pic_36496_1.jpg;doc/doc_36496_1.pdf
940916165;pic/pic_940916165_1.jpg;doc/doc_940916165_1.pdf
46478272;pic/pic_46478272_1.jpg;doc/doc_46478272_1.pdf
3135;pic/pic_3135_1.jpg;doc/doc_3135_1.pdf
256957629;pic/pic_256957629_1.jpg;doc/doc_256957629_1.pdf
211108130;pic/pic_211108130_1.jpg;doc/doc_211108130_1.pdf
815826392;pic/pic_815826392_1.jpg;doc/doc_815826392_1.pdf
43121338;pic/pic_43121338_1.jpg;doc/doc_43121338_1.pdf
51415;pic/pic_51415_1.jpg;
828730124;pic/pic_828730124_1.jpg;doc/doc_828730124_1.pdf
2015119593;pic/pic_2015119593_1.jpg;doc/doc_2015119593_1.pdf
770134586;pic/pic_770134586_1.jpg;doc/doc_770134586_1.pdf
828760643;pic/pic_828760643_1.jpg;doc/doc_828760643_1.pdf
2015506772;pic/pic_2015506772_1.jpg;doc/doc_2015506772_1.pdf
2015521216;pic/pic_2015521216_1.jpg;
2015762011;pic/pic_2015762011_1.jpg;doc/doc_2015762011_1.pdf
2015775057;pic/pic_2015775057_1.jpg;
2015775070;pic/pic_2015775070_1.jpg;
2015775064;pic/pic_2015775064_1.jpg;
2015775056;pic/pic_2015775056_1.jpg;
646179179;pic/pic_646179179_1.jpg;doc/doc_646179179_1.pdf
2015530341;pic/pic_2015530341_1.jpg;
440826419;pic/pic_440826419_1.jpg;doc/doc_440826419_1.pdf
2010068998;pic/pic_2010068998_1.jpg;doc/doc_2010068998_1.pdf
2010068999;pic/pic_2010068999_1.jpg;doc/doc_2010068999_1.pdf
912503433;pic/pic_912503433_1.jpg;doc/doc_912503433_1.pdf
2013028971;pic/pic_2013028971_1.jpg;doc/doc_2013028971_1.pdf
2015512493;pic/pic_2015512493_1.jpg;
2010068995;pic/pic_2010068995_1.jpg;doc/doc_2010068995_1.pdf
2013028973;pic/pic_2013028973_1.jpg;doc/doc_2013028973_1.pdf
2010066605;pic/pic_2010066605_1.jpg;doc/doc_2010066605_1.pdf
2014434765;pic/pic_2014434765_1.jpg;doc/doc_2014434765_1.pdf, doc/doc_2014434765_2.pdf
2013051535;pic/pic_2013051535_1.jpg;
2015507498;pic/pic_2015507498_1.jpg;
2015558443;pic/pic_2015558443_1.jpg;
447906482;pic/pic_447906482_1.jpg;doc/doc_447906482_1.pdf
2013028978;pic/pic_2013028978_1.jpg;doc/doc_2013028978_1.pdf
2010069000;pic/pic_2010069000_1.jpg;doc/doc_2010069000_1.pdf
2015552942;pic/pic_2015552942_1.jpg;
2010069013;pic/pic_2010069013_1.jpg;doc/doc_2010069013_1.pdf
2013028980;pic/pic_2013028980_1.jpg;doc/doc_2013028980_1.pdf
2014434764;pic/pic_2014434764_1.jpg;doc/doc_2014434764_1.pdf, doc/doc_2014434764_2.pdf
2015554090;pic/pic_2015554090_1.jpg;doc/doc_2015554090_1.pdf
2015775045;pic/pic_2015775045_1.jpg;
2014434763;pic/pic_2014434763_1.jpg;doc/doc_2014434763_1.pdf, doc/doc_2014434763_2.pdf
135357931;pic/pic_135357931_1.jpg;doc/doc_135357931_1.pdf, doc/doc_135357931_2.pdf
2010241777;pic/pic_2010241777_1.jpg;
82979827;pic/pic_82979827_1.jpg;doc/doc_82979827_1.pdf
2015721963;pic/pic_2015721963_1.jpg;
357615895;pic/pic_357615895_1.jpg;
42329172;pic/pic_42329172_1.jpg;doc/doc_42329172_1.pdf
157928462;pic/pic_157928462_1.jpg;doc/doc_157928462_1.pdf
366100039;pic/pic_366100039_1.jpg;doc/doc_366100039_1.pdf
2013762618;pic/pic_2013762618_1.jpg;doc/doc_2013762618_1.pdf
2015535636;pic/pic_2015535636_1.jpg;doc/doc_2015535636_1.pdf
2015701336;pic/pic_2015701336_1.jpg;doc/doc_2015701336_1.pdf
2015742191;pic/pic_2015742191_1.jpg;doc/doc_2015742191_1.pdf
2011041819;pic/pic_2011041819_1.jpg;doc/doc_2011041819_1.pdf
307434074;pic/pic_307434074_1.jpg;doc/doc_307434074_1.pdf
2010074163;pic/pic_2010074163_1.jpg;doc/doc_2010074163_1.pdf
2015552612;pic/pic_2015552612_1.jpg;doc/doc_2015552612_1.pdf
2015697893;pic/pic_2015697893_1.jpg;doc/doc_2015697893_1.pdf
2011915064;pic/pic_2011915064_1.jpg;doc/doc_2011915064_1.pdf
584582049;pic/pic_584582049_1.jpg;doc/doc_584582049_1.pdf
2014632267;pic/pic_2014632267_1.jpg;doc/doc_2014632267_1.pdf
2015088328;pic/pic_2015088328_1.jpg;doc/doc_2015088328_1.pdf
32759;pic/pic_32759_1.jpg;doc/doc_32759_1.pdf
2010225751;pic/pic_2010225751_1.jpg;
2012634997;pic/pic_2012634997_1.jpg;
624847394;pic/pic_624847394_1.jpg;doc/doc_624847394_1.pdf
2011360047;pic/pic_2011360047_1.jpg;doc/doc_2011360047_1.pdf
816095461;pic/pic_816095461_1.jpg;doc/doc_816095461_1.pdf
2015694073;pic/pic_2015694073_1.jpg;doc/doc_2015694073_1.pdf
12244239;pic/pic_12244239_1.jpg;doc/doc_12244239_1.pdf
2015537626;pic/pic_2015537626_1.jpg;
398419142;pic/pic_398419142_1.jpg;doc/doc_398419142_1.pdf
263366691;pic/pic_263366691_1.jpg;doc/doc_263366691_1.pdf
2015746571;pic/pic_2015746571_1.jpg;
205688472;pic/pic_205688472_1.jpg;doc/doc_205688472_1.pdf
